{"fuel": {
	{"petrol":[0.14652, 0.1847, 0.27639, 0.17048]},
	{"diesel":[0.13989, 0.168, 0.20953, 0.17082]},
	{"hybrid":[0.10332, 0.10999, 0.15491,0.12004 ]},
	{"Electric": [0,0,0,0]}
}